DF,CUAAUUUCAAUGAUAAGAUCGGAGA
DF,UCAACUUCAAUGACAAGAACGGAGA
DF,CUAAUUUUAAUGAUAAGAUCGGAGA
DHF,CUAAUUUCAAUGAUAAGAUCGGAGA
DHF,UCAACUUCAAUGAUAAGAACGGAGA
DHF,CUGAUUUUAAUGAUAAGAUCGGAGA
DHF,UCAACUUCAAUGAUAAGAACGGAGA
DF,CCACUUCCAAUGAUAAAAACGGUAA
DF,CCACUCCCACCAAUGAAAACGGAGA
DF,CCACUCCCACCAAUGAAAACGGAGA
DF,CCACUCCCACCAAUGAAAACGGAGA
DF,CCACUCCCACCAAUGAAAACGGAGA
DF,CCACUCCCACCAAUGAAAACGGAGA
DF,CCACUCCCACCAAUGAAAACGGAGA
DF,CCACUUUCAAUGGCAAAAACGGAGA
DHF,CCACUCCCACCGAUGAAAACGGAGA
DHF,CCACUCCCACCAAUGAAAACGGAGA
DHF,CCACUCCCACCAAUGAAAACGGAGA
DF,CCAACUCUGAUGAUAGAAACAAAGU
DF,UCAACUUCAAUGACAAGAACGGAGA
DHF,CCAACUCUGAUGAUAGAAACAAAGU